<?xml version="1.0" encoding="utf-8" ?>
<Defs>

    <!-- ========== Ballista ========== -->

    <ThingDef ParentName="BuildingBase">
        <defName>Ballista</defName>
        <label>ballista</label>
        <description>An ancient but deadly contraption that launches heavy projectiles at enemies. Requires somebody to man it. Long-ranged, but fires slowly and has a limited firing arc.</description>
        <thingClass>Building_TurretGun</thingClass>
        <statBases>
            <MaxHitPoints>180</MaxHitPoints>
            <Flammability>1.0</Flammability>
            <WorkToBuild>4500</WorkToBuild>
            <Beauty>-20</Beauty>
        </statBases>
        <uiIconScale>0.80</uiIconScale>
        <constructionSkillPrerequisite>5</constructionSkillPrerequisite>
        <researchPrerequisites>
            <li>Greatbow</li>
        </researchPrerequisites>
        <terrainAffordanceNeeded>Heavy</terrainAffordanceNeeded>
        <designationCategory>Security</designationCategory>
        <costList>
            <WoodLog>130</WoodLog>
            <Steel>40</Steel>
        </costList>
        <placeWorkers>
            <li>PlaceWorker_ShowTurretRadius</li>
        </placeWorkers>
        <graphicData>
            <texPath>Things/Building/Security/Ballista/Ballista</texPath>
            <graphicClass>Graphic_Multi</graphicClass>
            <drawSize>(2.5,2.5)</drawSize>
            <damageData>
                <cornerTL>Damage/Corner</cornerTL>
                <cornerTR>Damage/Corner</cornerTR>
                <!-- <cornerBL>Damage/Corner</cornerBL>
                <cornerBR>Damage/Corner</cornerBR> -->
            </damageData>
        </graphicData>
        <altitudeLayer>Building</altitudeLayer>
        <tickerType>Normal</tickerType>
        <comps>
            <li Class="CompProperties_Mannable">
                <manWorkType>Violent</manWorkType>
            </li>
            <li Class="CompProperties_Forbiddable"/>
            <li Class="CompProperties_Refuelable">
                <fuelLabel>Shots until arm replacement</fuelLabel>
                <fuelGizmoLabel>Arm durability</fuelGizmoLabel>
                <fuelFilter>
                    <thingDefs>
                        <li>WoodLog</li>
                    </thingDefs>
                </fuelFilter>
                <fuelCapacity>40</fuelCapacity>
                <initialFuelPercent>1</initialFuelPercent>
                <autoRefuelPercent>0.15</autoRefuelPercent>
                <showFuelGizmo>true</showFuelGizmo>
                <fuelMultiplier>0.66666</fuelMultiplier>
                <consumeFuelOnlyWhenUsed>true</consumeFuelOnlyWhenUsed>
                <outOfFuelMessage>Cannot shoot: Needs new arm</outOfFuelMessage>
                <fuelIconPath>UI/Overlays/Barrel</fuelIconPath>
            </li>
            <li Class="TurretExtensions.CompProperties_Upgradable">
                <description>Reinforce the ballista with steel to improve its overall durability.</description>
                <costList>
                    <Steel>20</Steel>
                </costList>
                <workToUpgrade>3500</workToUpgrade>
                <researchPrerequisites>
                    <li>Greatbow</li>
                </researchPrerequisites>
                <constructionSkillPrerequisite>6</constructionSkillPrerequisite>
                <statFactors>
                    <MaxHitPoints>1.5</MaxHitPoints>
                </statFactors>
                <fuelCapacityFactor>1.5</fuelCapacityFactor>
                <fuelMultiplierFactor>1.5</fuelMultiplierFactor>
            </li>
        </comps>
        <passability>PassThroughOnly</passability>
        <pathCost>50</pathCost>
        <size>(2,2)</size>
        <hasInteractionCell>True</hasInteractionCell>
        <interactionCellOffset>(0,0,-1)</interactionCellOffset>
        <fillPercent>0.4</fillPercent>
        <constructEffect>ConstructWood</constructEffect>
        <soundImpactDefault>BulletImpact_Wood</soundImpactDefault>
        <castEdgeShadows>true</castEdgeShadows>
        <hasTooltip>true</hasTooltip>
        <building>
            <turretGunDef>Weapon_Ballista</turretGunDef>
            <turretBurstCooldownTime>5.8</turretBurstCooldownTime>
            <turretBurstWarmupTime>1.7</turretBurstWarmupTime>
        </building>
        <modExtensions>
            <li Class="TurretExtensions.TurretFrameworkExtension">
                <firingArc>90</firingArc>
                <affectedByEMP>false</affectedByEMP>
            </li>
        </modExtensions>
    </ThingDef>

    <ThingDef ParentName="BaseProjectileNeolithic">
        <defName>Projectile_Ballista</defName>
        <label>ballista projectile</label>
        <graphicData>
            <texPath>Things/Projectile/Pilum</texPath>
            <graphicClass>Graphic_Single</graphicClass>
        </graphicData>
        <projectile>
            <damageDef>ArrowHighVelocity</damageDef>
            <damageAmountBase>36</damageAmountBase>
            <armorPenetrationBase>0.25</armorPenetrationBase>
            <stoppingPower>2.5</stoppingPower>
            <speed>49</speed>
        </projectile>
    </ThingDef>

    <ThingDef Name="BallistaWeapon" ParentName="BaseWeaponTurret">
        <defName>Weapon_Ballista</defName>
        <label>ballista</label>
        <graphicData>
            <texPath>Things/Building/Security/Ballista_Top</texPath>
            <graphicClass>Graphic_Single</graphicClass>
        </graphicData>
        <uiIconPath>Things/Building/Security/Ballista/Ballista_north</uiIconPath>
        <uiIconScale>0.80</uiIconScale>
        <description>A large crossbow that launches projectiles such as spears at high velocity.</description>
        <statBases>
            <Mass>30</Mass>
            <Flammability>0</Flammability>
            <AccuracyTouch>0.50</AccuracyTouch>
            <AccuracyShort>0.70</AccuracyShort>
            <AccuracyMedium>0.85</AccuracyMedium>
            <AccuracyLong>0.75</AccuracyLong>
            <RangedWeapon_Cooldown>5.8</RangedWeapon_Cooldown>
            <DeteriorationRate>0</DeteriorationRate>
        </statBases>
        <verbs>
            <li>
                <verbClass>Verb_Shoot</verbClass>
                <defaultProjectile>Projectile_Ballista</defaultProjectile>
                <warmupTime>1.7</warmupTime>
                <range>36.9</range>
                <soundCast>Bow_Large</soundCast>
                <consumeFuelPerShot>1</consumeFuelPerShot>
            </li>
        </verbs>
    </ThingDef>

    <!-- ========== Cannon ========== -->

    <ThingDef ParentName="BuildingBase">
        <defName>Cannon</defName>
        <label>cannon</label>
        <description>An ancient piece of artillery that launches explosive cannonballs over considerable distances. Requires somebody to man it. Has a limited firing arc and is very inaccurate.</description>
        <thingClass>Building_TurretGun</thingClass>
        <statBases>
            <MaxHitPoints>220</MaxHitPoints>
            <Flammability>0.7</Flammability>
            <WorkToBuild>3200</WorkToBuild>
            <Mass>25</Mass>
            <Beauty>-20</Beauty>
        </statBases>
        <uiIconPath>Things/Building/Security/Cannon_MenuIcon</uiIconPath>
        <uiIconScale>0.90</uiIconScale>
        <constructionSkillPrerequisite>5</constructionSkillPrerequisite>
        <researchPrerequisites>
            <li>Smithing</li>
        </researchPrerequisites>
        <terrainAffordanceNeeded>Heavy</terrainAffordanceNeeded>
        <designationCategory>Security</designationCategory>
        <thingCategories>
            <li>BuildingsSecurity</li>
        </thingCategories>
        <costList>
            <Steel>110</Steel>
            <WoodLog>40</WoodLog>
        </costList>
        <inspectorTabs>
            <li>ITab_Shells</li>
        </inspectorTabs>
        <placeWorkers>
            <li>PlaceWorker_ShowTurretRadius</li>
        </placeWorkers>
        <graphicData>
            <texPath>Things/Building/Security/Cannon/Cannon</texPath>
            <graphicClass>Graphic_Multi</graphicClass>
            <drawSize>(2.5,2.5)</drawSize>
            <damageData>
                <cornerTL>Damage/Corner</cornerTL>
                <cornerTR>Damage/Corner</cornerTR>
                <cornerBL>Damage/Corner</cornerBL>
                <cornerBR>Damage/Corner</cornerBR>
            </damageData>
        </graphicData>
        <minifiedDef>MinifiedThing</minifiedDef>
        <altitudeLayer>Building</altitudeLayer>
        <tickerType>Normal</tickerType>
        <comps>
            <li Class="CompProperties_Mannable">
                <manWorkType>Violent</manWorkType>
            </li>
            <li Class="CompProperties_Forbiddable"/>
            <li Class="TurretExtensions.CompProperties_Upgradable">
                <description>Improve the cannon's accuracy by rifling the barrel.</description>
                <upgradedTurretDescription>An ancient piece of artillery that launches explosive cannonballs over considerable distances. Requires somebody to man it. Has a limited firing arc and is somewhat inaccurate.</upgradedTurretDescription>
                <costList>
                    <Steel>50</Steel>
                </costList>
                <workToUpgrade>4000</workToUpgrade>
                <researchPrerequisites>
                    <li>Smithing</li>
                </researchPrerequisites>
                <constructionSkillPrerequisite>5</constructionSkillPrerequisite>
                <turretGunDef>Weapon_CannonUpgraded</turretGunDef>
            </li>
        </comps>
        <passability>PassThroughOnly</passability>
        <pathCost>50</pathCost>
        <size>(1,2)</size>
        <hasInteractionCell>True</hasInteractionCell>
        <interactionCellOffset>(0,0,-1)</interactionCellOffset>
        <fillPercent>0.4</fillPercent>
        <castEdgeShadows>true</castEdgeShadows>
        <hasTooltip>true</hasTooltip>
        <constructEffect>ConstructWood</constructEffect>
        <building>
            <turretGunDef>Weapon_Cannon</turretGunDef>
            <turretBurstCooldownTime>4.5</turretBurstCooldownTime>
            <turretBurstWarmupTime>1.5</turretBurstWarmupTime>
        </building>
        <modExtensions>
            <li Class="TurretExtensions.TurretFrameworkExtension">
                <firingArc>90</firingArc>
                <affectedByEMP>false</affectedByEMP>
            </li>
        </modExtensions>
    </ThingDef>

    <ThingDef Name="BaseCannonWeapon" ParentName="BaseArtilleryWeapon" Abstract="True">
        <graphicData>
            <texPath>Things/Building/Security/Ballista_Top</texPath>
            <graphicClass>Graphic_Single</graphicClass>
        </graphicData>
        <uiIconPath>Things/Building/Security/Cannon_MenuIcon</uiIconPath>
        <uiIconScale>0.90</uiIconScale>
        <statBases>
            <Mass>25</Mass>
            <Flammability>0</Flammability>
            <RangedWeapon_Cooldown>4.5</RangedWeapon_Cooldown>
            <DeteriorationRate>0</DeteriorationRate>
        </statBases>
        <comps>
            <li Class="CompProperties_ChangeableProjectile" />
        </comps>
        <building>
            <fixedStorageSettings>
                <filter>
                    <categories>
                        <li>Cannonballs</li>
                    </categories>
                </filter>
            </fixedStorageSettings>
            <defaultStorageSettings>
                <filter>
                    <categories>
                        <li>Cannonballs</li>
                    </categories>
                </filter>
            </defaultStorageSettings>
        </building>
    </ThingDef>

    <ThingDef ParentName="BaseCannonWeapon">
        <defName>Weapon_Cannon</defName>
        <label>cannon</label>
        <description>An ancient cannon designed to fire cannonballs. Very inaccurate.</description>
        <verbs>
            <li>
                <verbClass>Verb_Shoot</verbClass>
                <warmupTime>1.5</warmupTime>
                <minRange>4.9</minRange>
                <range>39.9</range>
                <forcedMissRadius>4</forcedMissRadius>
                <soundCast>Mortar_LaunchA</soundCast>
                <muzzleFlashScale>16</muzzleFlashScale>
                <targetParams>
                    <canTargetLocations>true</canTargetLocations>
                </targetParams>
            </li>
        </verbs>
    </ThingDef>

    <ThingDef ParentName="BaseCannonWeapon">
        <defName>Weapon_CannonUpgraded</defName>
        <label>improved cannon</label>
        <description>An ancient cannon designed to fire cannonballs. Somewhat inaccurate.</description>
        <verbs>
            <li>
                <verbClass>Verb_Shoot</verbClass>
                <warmupTime>1.5</warmupTime>
                <minRange>4.9</minRange>
                <range>39.9</range>
                <forcedMissRadius>3</forcedMissRadius>
                <soundCast>Mortar_LaunchA</soundCast>
                <muzzleFlashScale>16</muzzleFlashScale>
                <targetParams>
                    <canTargetLocations>true</canTargetLocations>
                </targetParams>
            </li>
        </verbs>
    </ThingDef>

    <!-- ========== Mini-Sniper Turret ========== -->

    <ThingDef ParentName="BuildingBase">
        <defName>TurretGunLongRange</defName>
        <label>mini-sniper turret</label>
        <description>Precise machining and advanced sensors allow for enhanced long-distance capabilities, but this turret still can't be directly controlled. Requires steel to replace its barrel after heavy use.</description>
        <thingClass>Building_TurretGun</thingClass>
        <statBases>
            <MaxHitPoints>100</MaxHitPoints>
            <Flammability>0.7</Flammability>
            <WorkToBuild>2400</WorkToBuild>
            <Mass>12</Mass>
            <Beauty>-20</Beauty>
            <ShootingAccuracyTurret>0.975</ShootingAccuracyTurret>
        </statBases>
        <uiIconPath>Things/Building/Security/TurretLongRange_MenuIcon</uiIconPath>
        <uiIconScale>3</uiIconScale>
        <constructionSkillPrerequisite>6</constructionSkillPrerequisite>
        <researchPrerequisites>
            <li>GunTurrets</li>
            <li>PrecisionRifling</li>
        </researchPrerequisites>
        <terrainAffordanceNeeded>Light</terrainAffordanceNeeded>
        <designationCategory>Security</designationCategory>
        <costList>
            <Steel>50</Steel>
            <ComponentIndustrial>4</ComponentIndustrial>
        </costList>
        <costStuffCount>70</costStuffCount>
        <stuffCategories>
            <li>Metallic</li>
        </stuffCategories>
        <placeWorkers>
            <li>PlaceWorker_TurretTop</li>
            <li>PlaceWorker_ShowTurretRadius</li>
        </placeWorkers>
        <graphicData>
            <texPath>Things/Building/Security/TurretLongRange</texPath>
            <graphicClass>Graphic_Single</graphicClass>
            <drawSize>(3,3)</drawSize>
            <damageData>
                <rect>(0.2,0.2,0.6,0.6)</rect>
            </damageData>
        </graphicData>
        <minifiedDef>MinifiedThing</minifiedDef>
        <altitudeLayer>Building</altitudeLayer>
        <stealable>false</stealable>
        <rotatable>false</rotatable>
        <tickerType>Normal</tickerType>
        <comps>
            <li Class="CompProperties_Explosive">
                <explosiveRadius>2.4</explosiveRadius>
                <explosiveDamageType>Bomb</explosiveDamageType>
                <chanceNeverExplodeFromDamage>0.25</chanceNeverExplodeFromDamage>
            </li>
            <li Class="CompProperties_Forbiddable"/>
            <li Class="CompProperties_Power">
                <compClass>CompPowerTrader</compClass>
                <basePowerConsumption>100</basePowerConsumption>
            </li>
            <li Class="CompProperties_Flickable"/>
            <li Class="CompProperties_Breakdownable"/>
            <li Class="CompProperties_Refuelable">
                <fuelLabel>Shots until barrel change</fuelLabel>
                <fuelGizmoLabel>Barrel durability</fuelGizmoLabel>
                <fuelFilter>
                    <thingDefs>
                        <li>Steel</li>
                    </thingDefs>
                </fuelFilter>
                <fuelCapacity>20</fuelCapacity> <!-- 20 bursts -->
                <initialFuelPercent>1</initialFuelPercent>
                <autoRefuelPercent>0.25</autoRefuelPercent>
                <showFuelGizmo>true</showFuelGizmo>
                <fuelMultiplier>0.25</fuelMultiplier> <!-- 4 steel per burst, 80 per full rearm-->
                <consumeFuelOnlyWhenUsed>true</consumeFuelOnlyWhenUsed>
                <outOfFuelMessage>Cannot shoot: Needs new barrel</outOfFuelMessage>
                <fuelIconPath>UI/Overlays/Barrel</fuelIconPath>
            </li>
            <li Class="TurretExtensions.CompProperties_Upgradable">
                <description>Improve the mini-sniper turret's sensors and reinforce its barrel to improve combat performance and overall reliability.</description>
                <costStuffCount>40</costStuffCount>
                <costList>
                    <Plasteel>10</Plasteel>
                    <ComponentIndustrial>2</ComponentIndustrial>
                </costList>
                <researchPrerequisites>
                    <li>GunTurrets</li>
                    <li>PrecisionRifling</li>
                </researchPrerequisites>
                <workToUpgrade>3500</workToUpgrade>
                <constructionSkillPrerequisite>6</constructionSkillPrerequisite>
                <statOffsets>
                    <ShootingAccuracyTurret>0.005</ShootingAccuracyTurret>
                </statOffsets>
                <basePowerConsumptionFactor>1.5</basePowerConsumptionFactor>
                <turretBurstWarmupTimeFactor>0.8</turretBurstWarmupTimeFactor>
                <fuelCapacityFactor>1.5</fuelCapacityFactor>
                <fuelMultiplierFactor>1.5</fuelMultiplierFactor>
            </li>
        </comps>
        <passability>PassThroughOnly</passability>
        <pathCost>50</pathCost>
        <fillPercent>0.4</fillPercent>
        <castEdgeShadows>true</castEdgeShadows>
        <hasTooltip>true</hasTooltip>
        <thingCategories>
            <li>BuildingsSecurity</li>
        </thingCategories>
        <building>
            <ai_combatDangerous>true</ai_combatDangerous>
            <turretGunDef>Gun_TurretLongRange</turretGunDef>
            <turretBurstCooldownTime>5.4</turretBurstCooldownTime>
            <turretBurstWarmupTime>1.6</turretBurstWarmupTime>
        </building>
    </ThingDef>

    <ThingDef ParentName="BaseBullet">
        <defName>Bullet_TurretGunLongRange</defName>
        <label>mini-sniper turret bullet</label>
        <graphicData>
            <texPath>Things/Projectile/Bullet_Big</texPath>
            <graphicClass>Graphic_Single</graphicClass>
        </graphicData>
        <projectile>
            <damageDef>Bullet</damageDef>
            <damageAmountBase>20</damageAmountBase>
            <speed>100</speed>
        </projectile>
    </ThingDef>

    <ThingDef ParentName="BaseWeaponTurret">
        <defName>Gun_TurretLongRange</defName>
        <label>mini-sniper turret gun</label>
        <graphicData>
            <texPath>Things/Building/Security/TurretLongRange_Top</texPath>
            <graphicClass>Graphic_Single</graphicClass>
        </graphicData>
        <description>High-powered gun attached to a turret.</description>
        <statBases>
            <Mass>5</Mass>
            <Flammability>0</Flammability>
            <AccuracyTouch>0.50</AccuracyTouch>
            <AccuracyShort>0.80</AccuracyShort>
            <AccuracyMedium>0.88</AccuracyMedium>
            <AccuracyLong>0.80</AccuracyLong>
            <RangedWeapon_Cooldown>5.4</RangedWeapon_Cooldown>
            <DeteriorationRate>0</DeteriorationRate>
        </statBases>
        <verbs>
            <li>
                <verbClass>Verb_Shoot</verbClass>
                <defaultProjectile>Bullet_TurretGunLongRange</defaultProjectile>
                <warmupTime>1.6</warmupTime>
                <range>36.9</range>
                <soundCast>Shot_SniperRifle</soundCast>
                <soundCastTail>GunTail_Heavy</soundCastTail>
                <muzzleFlashScale>9</muzzleFlashScale>
                <consumeFuelPerShot>1</consumeFuelPerShot>
            </li>
        </verbs>
    </ThingDef>

    <!-- ========== Machine Gun Emplacement ========== -->

    <ThingDef ParentName="BuildingBase">
        <defName>Turret_MGEmplacement</defName>
        <label>machine gun emplacement</label>
        <description>A fixed gun emplacement with a heavy machine gun mounted on top. Has good power and good range, but poor accuracy and a slower rate of fire.</description>
        <thingClass>Building_TurretGun</thingClass>
        <statBases>
            <MaxHitPoints>300</MaxHitPoints>
            <Flammability>0.7</Flammability>
            <WorkToBuild>6000</WorkToBuild>
            <Beauty>-20</Beauty>
        </statBases>
        <uiIconPath>Things/Building/Security/MachineGunEmplacement_MenuIcon</uiIconPath>
        <uiIconScale>0.90</uiIconScale>
        <constructionSkillPrerequisite>6</constructionSkillPrerequisite>
        <researchPrerequisites>
            <li>GasOperation</li>
        </researchPrerequisites>
        <terrainAffordanceNeeded>Heavy</terrainAffordanceNeeded>
        <designationCategory>Security</designationCategory>
        <costList>
            <Steel>100</Steel>
            <ComponentIndustrial>6</ComponentIndustrial>
        </costList>
        <costStuffCount>110</costStuffCount>
        <stuffCategories>
            <li>Metallic</li>
        </stuffCategories>
        <placeWorkers>
            <li>PlaceWorker_TurretTop</li>
            <li>PlaceWorker_ShowTurretRadius</li>
        </placeWorkers>
        <graphicData>
            <texPath>Things/Building/Security/MachineGunEmplacement/MachineGunEmplacement</texPath>
            <graphicClass>Graphic_Multi</graphicClass>
            <drawSize>(3.5,1.5)</drawSize>
            <damageData>
                <cornerTL>Damage/Corner</cornerTL>
                <cornerTR>Damage/Corner</cornerTR>
                <cornerBL>Damage/Corner</cornerBL>
                <cornerBR>Damage/Corner</cornerBR>
            </damageData>
        </graphicData>
        <altitudeLayer>Building</altitudeLayer>
        <tickerType>Normal</tickerType>
        <comps>
            <li Class="CompProperties_Mannable">
                <manWorkType>Violent</manWorkType>
            </li>
            <li Class="CompProperties_Forbiddable"/>
            <li Class="CompProperties_Refuelable">
                <fuelLabel>Shots until barrel change</fuelLabel>
                <fuelGizmoLabel>Barrel durability</fuelGizmoLabel>
                <fuelFilter>
                    <thingDefs>
                        <li>Steel</li>
                    </thingDefs>
                </fuelFilter>
                <fuelCapacity>300</fuelCapacity>
                <initialFuelPercent>1</initialFuelPercent>
                <autoRefuelPercent>0.25</autoRefuelPercent>
                <showFuelGizmo>true</showFuelGizmo>
                <fuelMultiplier>6</fuelMultiplier>
                <consumeFuelOnlyWhenUsed>true</consumeFuelOnlyWhenUsed>
                <outOfFuelMessage>Cannot shoot: Needs new barrel</outOfFuelMessage>
                <fuelIconPath>UI/Overlays/Barrel</fuelIconPath>
            </li>
            <li Class="TurretExtensions.CompProperties_Upgradable">
                <description>Improve the machine gun's feeding system to increase rate of fire, and reinforce the barrel and platform to improve overall durability.</description>
                <costStuffCount>80</costStuffCount>
                <costList>
                    <ComponentIndustrial>2</ComponentIndustrial>
                </costList>
                <workToUpgrade>5000</workToUpgrade>
                <researchPrerequisites>
                    <li>GasOperation</li>
                </researchPrerequisites>
                <constructionSkillPrerequisite>6</constructionSkillPrerequisite>
                <statFactors>
                    <MaxHitPoints>1.5</MaxHitPoints>
                </statFactors>
                <fuelCapacityFactor>1.5</fuelCapacityFactor>
                <fuelMultiplierFactor>1.5</fuelMultiplierFactor>
                <turretBurstCooldownTimeFactor>0.75</turretBurstCooldownTimeFactor>
            </li>
            <li Class="TurretExtensions.CompProperties_SmartForcedTarget"/>
        </comps>
        <passability>PassThroughOnly</passability>
        <pathCost>50</pathCost>
        <size>(3,1)</size>
        <hasInteractionCell>True</hasInteractionCell>
        <interactionCellOffset>(0,0,-1)</interactionCellOffset>
        <fillPercent>0.57</fillPercent>
        <castEdgeShadows>true</castEdgeShadows>
        <hasTooltip>true</hasTooltip>
        <building>
            <turretGunDef>Gun_TurretMGEmplacement</turretGunDef>
            <turretBurstCooldownTime>3.6</turretBurstCooldownTime>
            <turretBurstWarmupTime>1.8</turretBurstWarmupTime>
        </building>
        <modExtensions>
            <li Class="TurretExtensions.TurretFrameworkExtension">
                <firingArc>180</firingArc>
                <affectedByEMP>false</affectedByEMP>
            </li>
        </modExtensions>
    </ThingDef>

    <ThingDef ParentName="BaseBullet">
        <defName>Bullet_TurretMGEmplacement</defName>
        <label>heavy machine gun bullet</label>
        <graphicData>
            <texPath>Things/Projectile/Bullet_Big</texPath>
            <graphicClass>Graphic_Single</graphicClass>
        </graphicData>
        <projectile>
            <damageDef>Bullet</damageDef>
            <damageAmountBase>18</damageAmountBase>
            <stoppingPower>1.5</stoppingPower>
            <speed>55</speed>
        </projectile>
    </ThingDef>

    <ThingDef ParentName="BaseWeaponTurret">
        <defName>Gun_TurretMGEmplacement</defName>
        <label>heavy machine gun</label>
        <graphicData>
            <texPath>Things/Building/Security/MachineGunEmplacement_Top</texPath>
            <graphicClass>Graphic_Single</graphicClass>
        </graphicData>
        <description>A heavy machine gun mounted on top of a platform.</description>
        <statBases>
            <Mass>12</Mass>
            <Flammability>0</Flammability>
            <AccuracyTouch>0.44</AccuracyTouch>
            <AccuracyShort>0.53</AccuracyShort>
            <AccuracyMedium>0.39</AccuracyMedium>
            <AccuracyLong>0.22</AccuracyLong>
            <RangedWeapon_Cooldown>3.6</RangedWeapon_Cooldown>
            <DeteriorationRate>0</DeteriorationRate>
        </statBases>
        <verbs>
            <li>
                <verbClass>Verb_Shoot</verbClass>
                <defaultProjectile>Bullet_TurretMGEmplacement</defaultProjectile>
                <warmupTime>1.8</warmupTime>
                <ticksBetweenBurstShots>9</ticksBetweenBurstShots>
                <burstShotCount>6</burstShotCount>
                <range>30.9</range>
                <soundCast>Shot_HeavySMG</soundCast>
                <soundCastTail>GunTail_Heavy</soundCastTail>
                <muzzleFlashScale>9</muzzleFlashScale>
                <consumeFuelPerShot>1</consumeFuelPerShot>
                <targetParams>
                    <canTargetLocations>true</canTargetLocations>
                </targetParams>
            </li>
        </verbs>
    </ThingDef>

    <!-- Upgraded weapons for vanilla turrets -->

    <ThingDef ParentName="BaseArtilleryWeapon">
        <defName>Artillery_MortarUpgraded</defName>
        <label>upgraded mortar</label>
        <description>Mortar launcher. Lobs bombs over walls. Very inaccurate but long-ranged.</description>
        <graphicData>
            <texPath>Things/Building/Security/TurretMortar_Top</texPath>
        </graphicData>
        <weaponTags>
            <li>Artillery_BaseDestroyer</li>
        </weaponTags>
        <verbs>
            <li>
                <verbClass>Verb_Shoot</verbClass>
                <forceNormalTimeSpeed>false</forceNormalTimeSpeed>
                <warmupTime>4.0</warmupTime>
                <forcedMissRadius>10.6</forcedMissRadius>
                <requireLineOfSight>false</requireLineOfSight>
                <minRange>29.9</minRange>
                <range>500</range>
                <burstShotCount>1</burstShotCount>
                <soundCast>Mortar_LaunchA</soundCast>
                <muzzleFlashScale>16</muzzleFlashScale>
                <targetParams>
                    <canTargetLocations>true</canTargetLocations>
                </targetParams>
            </li>
        </verbs>
        <comps>
            <li Class="CompProperties_ChangeableProjectile" />
        </comps>
        <building>
            <fixedStorageSettings>
                <filter>
                    <categories>
                        <li>MortarShells</li>
                    </categories>
                    <disallowedCategories>
                        <li>Cannonballs</li>
                    </disallowedCategories>
                </filter>
            </fixedStorageSettings>
            <defaultStorageSettings>
                <filter>
                    <categories>
                        <li>MortarShells</li>
                    </categories>
                    <disallowedThingDefs>
                        <li>Shell_Firefoam</li>
                        <li>Shell_AntigrainWarhead</li>
                    </disallowedThingDefs>
                </filter>
            </defaultStorageSettings>
        </building>
    </ThingDef>

</Defs>